{
  "appId":"6",
  "reference":"",
  "appName":"会议",
  "clarifyName":"开会、会议模块",
  "intents":{
	"open":{
	    "openType":"loadApp",
	    "openUrl":"",
	    "epilogue":"好的",
	    "params":{}
	},
	"search":{
	    "api":"manager=meetingApi#method=searchMeeting",
	    "apiType":"manager",
	    "renderTemplate":"list",
	    "extData":{},
 	    "openType":"loadApp",
	    "openUrl":"",
	    "seeMoreType":"url",
	    "seeMoreUrl":"http://meeting.v5.cmp/v/html/more.html",
	    "broadcast":true,
        "epilogue":"找到了{0}条数据",
	    "params":[{
                  "key":"time",
				  "type":"text",
				  "slot":"user_time",				 
				  "guideWord":"请问开会的时间是好久",
                  "required":true
              },{
                  "key":"subject",
				  "type":"text",
			      "slot":"user_wild_title",
				  "guideWord":"请告诉我会议的标题是什么",
				  "required":true,
			      "limit":50
              },{
		          "key":"receiver",
				  "type":"member",
                  "slot":"user_person",
				  "guideWord":"与会人员有哪些?",
				  "required":true
			  }]
	}
  }
}