{
  "appId":"1",
  "reference":"",
  "appName":"协同",
  "clarifyName":"协同、流程、协同应用、协同模块、系统系、上海市、西红柿、都江堰市、绵阳市、沙沙",
  "intents":{
	"open":{
	    "openType":"loadApp",
	    "openUrl":"",
	    "epilogue":"好的",
	    "params":{}
	},
	"search":{
	    "api":"manager=colApi#method=searchCol",
	    "apiType":"manager",
	    "renderTemplate":"list",
	    "extData":{},
 	    "openType":"loadApp",
	    "openUrl":"",
	    "seeMoreType":"url",
	    "seeMoreUrl":"http://collaration.v5.cmp/v/html/more.html",
	    "broadcast":true,
        "epilogue":"已为你找到{0}条相关数据",
	    "params":[{
                  "key":"openFrom",
				  "type":"enum",
				  "slot":"user_c_1_openfrom",
				  "customSlotDict":"待办、已办、已发、处理过的、未处理的",
				  "slotEnum":{
						"待办":"pending",
						"已办":"done",
						"已发":"sent",
						"处理过的":"done",
						"未处理的":"pending"
		},
				  "guideWord":"请告诉我状态是[待办](pending)、[已办](done)、还是[已发](sent)?",
                  "required":true
              },{
                  "key":"subject",
				  "type":"text",
			      "slot":"user_wild_title",
				  "guideWord":"请告诉我标题是什么",
				  "required":true,
			      "limit":50
              },{
		          "key":"sender",
				  "type":"member",
                  "slot":"user_person",
				  "guideWord":"请告诉我谁发的",
				  "required":false
			  }]
	},
	"create":{
	    "api":"manager=colApi#method=searchCol",
	    "apiType":"manager",
	    "renderTemplate":"table",
	    "extData":{},
 	    "openType":"loadApp",
	    "openUrl":"",
        "epilogue":"已为您创建好了协同，是否现在发送?",
	    "params":[{
                  "key":"subject",
				  "name":"标题",
				  "type":"text",
			      "slot":"user_wild_title",
				  "guideWord":"请告诉我标题是什么",
				  "required":true,
				  "limit":50
			  },{
				  "key":"receiver",
				  "name":"接收人",
				  "type":"text",
				  "slot":"user_person",
				  "guideWord":"请告诉我接收人员是谁",
				  "required":true
		},{
				  key:"location",
				  name:"地点",
				  type:"text",
				  slot:"user_location",
				  guideWord:"请告诉我地点",
				  required:true
		}]
	}
  }
}