{
  "appId":"5",
  "reference":"",
  "appName":"应用5",
  "clarifyName":"应用5模块",
  "intents":{
	"open":{
	    "openType":"loadApp",
	    "openUrl":"",
	    "epilogue":"好的",
	    "params":{}
	},
	"search":{
	    "api":"manager=2Api#method=2Meeting",
	    "apiType":"manager",
	    "renderTemplate":"list",
	    "extData":{},
 	    "openType":"loadApp",
	    "openUrl":"",
	    "seeMoreType":"url",
	    "seeMoreUrl":"http://meeting.v5.cmp/v/html/more.html",
	    "broadcast":true,
        "epilogue":"找到了{0}条数据",
	    "params":[{
                  "key":"time",
				  "type":"text",
				  "slot":"user_location",				 
				  "guideWord":"重要程度",
                  "required":true
              },{
                  "key":"subject",
				  "type":"text",
			      "slot":"user_wild_title",
				  "guideWord":"哈哈",
				  "required":true,
			      "limit":50
              },{
		          "key":"receiver",
				  "type":"member",
                  "slot":"user_person",
				  "guideWord":"哈哈?",
				  "required":true
			  }]
	},
	"create":{
	    "api":"manager=2Api#method=2Meeting",
	    "apiType":"manager",
	    "renderTemplate":"list",
	    "extData":{},
 	    "openType":"loadApp",
	    "openUrl":"",
	    "broadcast":true,
        "epilogue":"找到了{0}条数据",
	    "params":[{
                  "key":"time",
				  "type":"text",
				  "slot":"user_wild_content",				 
				  "guideWord":"重要程度",
                  "required":true
              },{
                  "key":"subject",
				  "type":"text",
			      "slot":"user_wild_title",
				  "guideWord":"哈哈",
				  "required":true,
			      "limit":50
              },{
		          "key":"receiver",
				  "type":"member",
                  "slot":"user_person",
				  "guideWord":"哈哈?",
				  "required":true
			  }]
	}
  }
}